"biotopTypeCode";"biotopType";"biotopTypeLabel"
"01";"Küstenferne Meeresgebiete der Nordsee";"Küstenferne Meeresgebiete der Nordsee"
"01.01";"Pelagial der küstenfernen Meeresgebiete der Nordsee";"  Pelagial der küstenfernen Meeresgebiete der Nordsee"
"01.01.01";"euphotischer Bereich des Pelagials der küstenfernen Meeresgebiete der Nordsee";"    euphotischer Bereich des Pelagials der küstenfernen Meeresgebiete der Nordsee"
"01.01.02";"aphotischer Bereich des Pelagials der küstenfernen Meeresgebiete der Nordsee";"    aphotischer Bereich des Pelagials der küstenfernen Meeresgebiete der Nordsee"
"01.02";"Benthal der küstenfernen Meeresgebiete der Nordsee, weitgehend makrophytenfrei";"  Benthal der küstenfernen Meeresgebiete der Nordsee, weitgehend makrophytenfrei"
"01.02.01";"flaches, natürliches Hartsubstratbiotop der küstenfernen Meeresgebiete der Nordsee";"    flaches, natürliches Hartsubstratbiotop der küstenfernen Meeresgebiete der Nordsee"
"01.02.02";"Hartsubstrat-Riff der küstenfernen Meeresgebiete der Nordsee";"    Hartsubstrat-Riff der küstenfernen Meeresgebiete der Nordsee"
"01.02.03";"biogenes Riff der küstenfernen Meeresgebiete der Nordsee";"    biogenes Riff der küstenfernen Meeresgebiete der Nordsee"
"01.02.04";"Kiesbiotop der küstenfernen Meeresgebiete der Nordsee";"    Kiesbiotop der küstenfernen Meeresgebiete der Nordsee"
"01.02.05";"Schillbiotop der küstenfernen Meeresgebiete der Nordsee";"    Schillbiotop der küstenfernen Meeresgebiete der Nordsee"
"01.02.06";"flache Sandbiotope der küstenfernen Meeresgebiete der Nordsee";"    flache Sandbiotope der küstenfernen Meeresgebiete der Nordsee"
"01.02.07";"Sandbank der küstenfernen Meeresgebiete der Nordsee (Komplex)";"    Sandbank der küstenfernen Meeresgebiete der Nordsee (Komplex)"
"01.02.08";"Feinsubstratbiotope der küstenfernen Meeresgebiete der Nordsee";"    Feinsubstratbiotope der küstenfernen Meeresgebiete der Nordsee"
"01.02.09";"Torfbiotop der küstenfernen Meeresgebiete der Nordsee";"    Torfbiotop der küstenfernen Meeresgebiete der Nordsee"
"02";"Äußere Meeresgebiete der Ostsee";"Äußere Meeresgebiete der Ostsee"
"02.01";"Pelagial der äußeren Meeresgebiete der Ostsee";"  Pelagial der äußeren Meeresgebiete der Ostsee"
"02.01.01";"Pelagial der äußeren Meeresgebiete der Ostsee oberhalb der Halokline";"    Pelagial der äußeren Meeresgebiete der Ostsee oberhalb der Halokline"
"02.01.02";"Pelagial der äußeren Meeresgebiete der Ostsee unterhalb der Halokline";"    Pelagial der äußeren Meeresgebiete der Ostsee unterhalb der Halokline"
"02.02";"Benthal der äußeren Meeresgebiete der Ostsee";"  Benthal der äußeren Meeresgebiete der Ostsee"
"02.02.01";"flache, natürliche Hartsubstratbiotope der äußeren Meeresgebiete der Ostsee mit harten lehmigen und steinigen Substraten (z.B. Kreide und Mergel, i.d.R. mit Steinen und Blöcken), teils Moränenrelikte";"    flache, natürliche Hartsubstratbiotope der äußeren Meeresgebiete der Ostsee mit harten lehmigen und steinigen Substraten, teils Moränenrelikte"
"02.02.02";"Hartsubstrat-Riffe der äußeren Meeresgebiete der Ostsee mit harten lehmigen und steinigen Substraten (z.B. Kreide und Mergel, i.d.R. mit Steinen und Blöcken), teils Moränenrelikte";"    Hartsubstrat-Riffe der äußeren Meeresgebiete der Ostsee mit harten lehmigen und steinigen Substraten, teils Moränenrelikte"
"02.02.03";"biogenes Riff der äußeren Meeresgebiete der Ostsee (Miesmuschelbank)";"    biogenes Riff der äußeren Meeresgebiete der Ostsee (Miesmuschelbank)"
"02.02.04";"Kiesbiotop der äußeren Meeresgebiete der Ostsee";"    Kiesbiotop der äußeren Meeresgebiete der Ostsee"
"02.02.05";"Schillbiotope der äußeren Meeresgebiete der Ostsee";"    Schillbiotope der äußeren Meeresgebiete der Ostsee"
"02.02.06";"ebene Sandbiotope der äußeren Meeresgebiete der Ostsee";"    ebene Sandbiotope der äußeren Meeresgebiete der Ostsee"
"02.02.07";"Sandbank der äußeren Meeresgebiete der Ostsee (inkl. Megarippelfelder)";"    Sandbank der äußeren Meeresgebiete der Ostsee (inkl. Megarippelfelder)"
"02.02.08";"Feinsubstratbiotope der äußeren Meeresgebiete der Ostsee";"    Feinsubstratbiotope der äußeren Meeresgebiete der Ostsee"
"02.02.09";"Seegraswiese der äußeren Meeresgebiete der Ostsee";"    Seegraswiese der äußeren Meeresgebiete der Ostsee"
"02.02.10";"Torfbiotop der äußeren Meeresgebiete der Ostsee";"    Torfbiotop der äußeren Meeresgebiete der Ostsee"
"03";"Flachwasserzonen der Nordsee (Sublitoral)";"Flachwasserzonen der Nordsee (Sublitoral)"
"03.01";"Pelagial der Flachwasserzonen der Nordsee";"  Pelagial der Flachwasserzonen der Nordsee"
"03.01.01";"Pelagial der Flachwasserzonen der Nordsee mit auftriebsartigen Erscheinungen, Wirbeln und Fronten";"    Pelagial der Flachwasserzonen der Nordsee mit auftriebsartigen Erscheinungen, Wirbeln und Fronten"
"03.01.02";"Pelagial der Flachwasserzonen der Nordsee ohne auftriebsartige Erscheinungen, Wirbel und Fronten";"    Pelagial der Flachwasserzonen der Nordsee ohne auftriebsartige Erscheinungen, Wirbel und Fronten"
"03.02";"Benthal der Flachwasserzonen der Nordsee";"  Benthal der Flachwasserzonen der Nordsee"
"03.02.01";"flaches, felsig-steiniges natürliches Hartsubstratbiotop der Flachwasserzonen der Nordsee (Helgoland)";"    flaches, felsig-steiniges natürliches Hartsubstratbiotop der Flachwasserzonen der Nordsee (Helgoland)"
"03.02.02";"Hartsubstrat-Riffe der Flachwasserzonen der Nordsee";"    Hartsubstrat-Riffe der Flachwasserzonen der Nordsee"
"03.02.03";"biogene Riffe der Flachwasserzonen der Nordsee";"    biogene Riffe der Flachwasserzonen der Nordsee"
"03.02.04";"Kiesbiotop der Flachwasserzonen der Nordsee";"    Kiesbiotop der Flachwasserzonen der Nordsee"
"03.02.05";"Schillbiotop der Flachwasserzonen der Nordsee";"    Schillbiotop der Flachwasserzonen der Nordsee"
"03.02.06";"flache Sandbiotope der Flachwasserzonen der Nordsee";"    flache Sandbiotope der Flachwasserzonen der Nordsee"
"03.02.07";"Sandbank der Flachwasserzonen der Nordsee mit oder ohne Makrophyten";"    Sandbank der Flachwasserzonen der Nordsee mit oder ohne Makrophyten"
"03.02.08";"Feinsubstratbiotope der Flachwasserzonen der Nordsee";"    Feinsubstratbiotope der Flachwasserzonen der Nordsee"
"04";"Innere Gewässer der Ostsee (Bodden [inkl. Schlei], Haffe, Ästuare)";"Innere Gewässer der Ostsee (Bodden [inkl. Schlei], Haffe, Ästuare)"
"04.01";"Pelagial der inneren Gewässer der Ostsee";"  Pelagial der inneren Gewässer der Ostsee"
"04.02";"Benthal der inneren Gewässer der Ostsee (Sublitoral)";"  Benthal der inneren Gewässer der Ostsee (Sublitoral)"
"04.02.01";"flache natürliche Hartsubstratbiotope der inneren Gewässer der Ostsee";"    flache natürliche Hartsubstratbiotope der inneren Gewässer der Ostsee"
"04.02.02";"Hartsubstrat-Riffe der inneren Gewässer der Ostsee";"    Hartsubstrat-Riffe der inneren Gewässer der Ostsee"
"04.02.03";"biogene Riffe der inneren Gewässer der Ostsee";"    biogene Riffe der inneren Gewässer der Ostsee"
"04.02.04";"Kiesbiotope der inneren Gewässer der Ostsee";"    Kiesbiotope der inneren Gewässer der Ostsee"
"04.02.05";"Schillbiotop der inneren Gewässer der Ostsee";"    Schillbiotop der inneren Gewässer der Ostsee"
"04.02.06";"flache Sandbiotope der inneren Gewässer der Ostsee";"    flache Sandbiotope der inneren Gewässer der Ostsee"
"04.02.07";"Sandbank der inneren Gewässer der Ostsee";"    Sandbank der inneren Gewässer der Ostsee"
"04.02.08";"Feinsubstratbiotope der inneren Gewässer der Ostsee";"    Feinsubstratbiotope der inneren Gewässer der Ostsee"
"04.02.09";"Torfbiotop der inneren Gewässer der Ostsee";"    Torfbiotop der inneren Gewässer der Ostsee"
"05";"Watt der Nordsee (Eulitoral, ohne Brack- und Salzwasserröhrichte)";"Watt der Nordsee (Eulitoral, ohne Brack- und Salzwasserröhrichte)"
"05.01";"Felswatt der Nordsee";"  Felswatt der Nordsee"
"05.01.01";"Felswatt der Nordsee, makrophytenarm";"    Felswatt der Nordsee, makrophytenarm"
"05.01.02";"Felswatt der Nordsee, makrophytenreich";"    Felswatt der Nordsee, makrophytenreich"
"05.02";"Sandwatt der Nordsee";"  Sandwatt der Nordsee"
"05.02.01";"Sandwatt der Nordsee, makrophytenarm";"    Sandwatt der Nordsee, makrophytenarm"
"05.02.02";"Sandwatt der Nordsee, makrophytenreich";"    Sandwatt der Nordsee, makrophytenreich"
"05.02.03";"Sandbank (periodisch freifallend)";"    Sandbank (periodisch freifallend)"
"05.03";"Schlickwatt der Nordsee";"  Schlickwatt der Nordsee"
"05.03.01";"Schlickwatt der Nordsee, makrophytenarm";"    Schlickwatt der Nordsee, makrophytenarm"
"05.03.02";"Schlickwatt der Nordsee, makrophytenreich";"    Schlickwatt der Nordsee, makrophytenreich"
"05.04";"Mischwatt der Nordsee";"  Mischwatt der Nordsee"
"05.04.01";"Mischwatt der Nordsee, makrophytenarm";"    Mischwatt der Nordsee, makrophytenarm"
"05.04.02";"Mischwatt der Nordsee, makrophytenreich";"    Mischwatt der Nordsee, makrophytenreich"
"05.05";"Miesmuschelbank des Eulitorals der Nordsee";"  Miesmuschelbank des Eulitorals der Nordsee"
"05.06";"Brackwasserwatt der Ästuare an der Nordsee";"  Brackwasserwatt der Ästuare an der Nordsee"
"05.07";"Süßwasserwatt im Tideeinfluss der Nordsee";"  Süßwasserwatt im Tideeinfluss der Nordsee"
"05.08";"Abtragungsmoor an der Nordsee (Sehestedter Moor)";"  Abtragungsmoor an der Nordsee (Sehestedter Moor)"
"05.09";"Wattrinnen, Priele";"  Wattrinnen, Priele"
"05.09.01";"ständig wasserführende Wattrinne";"    ständig wasserführende Wattrinne"
"05.09.02";"bei Ebbe trockenfallende Wattrinne";"    bei Ebbe trockenfallende Wattrinne"
"06";"Hydrolitoral der Ostsee (episodisch trockenfallend, ohne Brackwasserröhrichte)";"Hydrolitoral der Ostsee (episodisch trockenfallend, ohne Brackwasserröhrichte)"
"06.01";"Hydrolitoral der Ostsee mit steinigem Substrat (Steine und Blöcke)";"  Hydrolitoral der Ostsee mit steinigem Substrat (Steine und Blöcke)"
"06.01.01";"ebenes Hydrolitoral der Ostsee mit steinigem Substrat (Steine und Blöcke), makrophytenarm";"    ebenes Hydrolitoral der Ostsee mit steinigem Substrat (Steine und Blöcke), makrophytenarm"
"06.01.02";"ebenes Hydrolitoral der Ostsee mit steinigem Substrat (Steine und Blöcke), makrophytenreich";"    ebenes Hydrolitoral der Ostsee mit steinigem Substrat (Steine und Blöcke), makrophytenreich"
"06.01.03";"Steinriff des Hydrolitorals der Ostsee";"    Steinriff des Hydrolitorals der Ostsee"
"06.02";"Hydrolitoral der Ostsee mit kiesigem Substrat";"  Hydrolitoral der Ostsee mit kiesigem Substrat"
"06.02.01";"ebenes Hydrolitoral der Ostsee mit kiesigem Substrat, makrophytenarm";"    ebenes Hydrolitoral der Ostsee mit kiesigem Substrat, makrophytenarm"
"06.02.02";"ebenes Hydrolitoral der Ostsee mit kiesigem Substrat, makrophytenreich";"    ebenes Hydrolitoral der Ostsee mit kiesigem Substrat, makrophytenreich"
"06.02.03";"Kiesbank des Hydrolitorals der Ostsee";"    Kiesbank des Hydrolitorals der Ostsee"
"06.03";"Hydrolitoral der Ostsee mit Sandsubstrat";"  Hydrolitoral der Ostsee mit Sandsubstrat"
"06.03.01";"ebenes Hydrolitoral der Ostsee mit Sandsubstrat, makrophytenarm";"    ebenes Hydrolitoral der Ostsee mit Sandsubstrat, makrophytenarm"
"06.03.02";"ebenes Hydrolitoral der Ostsee mit Sandsubstrat, makrophytenreich";"    ebenes Hydrolitoral der Ostsee mit Sandsubstrat, makrophytenreich"
"06.03.03";"Sandbank des Hydrolitorals der Ostsee";"    Sandbank des Hydrolitorals der Ostsee"
"06.04";"Hydrolitoral der Ostsee mit Schlicksubstrat";"  Hydrolitoral der Ostsee mit Schlicksubstrat"
"06.04.01";"Hydrolitoral der Ostsee mit Schlicksubstrat, makrophytenarm";"    Hydrolitoral der Ostsee mit Schlicksubstrat, makrophytenarm"
"06.04.02";"Hydrolitoral der Ostsee mit Schlicksubstrat, makrophytenreich";"    Hydrolitoral der Ostsee mit Schlicksubstrat, makrophytenreich"
"06.05";"Hydrolitoral der Ostsee mit gemischtem Substrat";"  Hydrolitoral der Ostsee mit gemischtem Substrat"
"06.05.01";"Hydrolitoral der Ostsee mit gemischtem Substrat, makrophytenarm";"    Hydrolitoral der Ostsee mit gemischtem Substrat, makrophytenarm"
"06.05.02";"Hydrolitoral der Ostsee mit gemischtem Substrat, makrophytenreich";"    Hydrolitoral der Ostsee mit gemischtem Substrat, makrophytenreich"
"06.06";"Hydrolitoral der Ostsee mit Torfsubstrat (i.d.R. makrophytenfrei bzw. -arm)";"  Hydrolitoral der Ostsee mit Torfsubstrat (i.d.R. makrophytenfrei bzw. -arm)"
"07";"Salzgrünland der Nordsee (Supralitoral)";"Salzgrünland der Nordsee (Supralitoral)"
"07.01";"unteres Salzgrünland der Nordseeküste (z.B. Andelrasen)";"  unteres Salzgrünland der Nordseeküste (z.B. Andelrasen)"
"07.01.01";"unteres Salzgrünland der Nordseeküste, naturnah";"    unteres Salzgrünland der Nordseeküste, naturnah"
"07.01.02";"unteres Salzgrünland der Nordseeküste, anthropozoogen überformt";"    unteres Salzgrünland der Nordseeküste, anthropozoogen überformt"
"07.02";"höhergelegenes Salzgrünland der Nordseeküste (z.B. Rotschwingel- und Bottenbinsenrasen)";"  höhergelegenes Salzgrünland der Nordseeküste (z.B. Rotschwingel- und Bottenbinsenrasen)"
"07.02.01";"höhergelegenes Salzgrünland der Nordseeküste, naturnah";"    höhergelegenes Salzgrünland der Nordseeküste, naturnah"
"07.02.02";"höhergelegenes Salzgrünland der Nordseeküste, anthropozoogen überformt";"    höhergelegenes Salzgrünland der Nordseeküste, anthropozoogen überformt"
"07.03";"Strandwiesenkomplex der Nordseeküste";"  Strandwiesenkomplex der Nordseeküste"
"07.04";"Brack- und Salzwasserröhricht der Nordseeküste und der Ästuare";"  Brack- und Salzwasserröhricht der Nordseeküste und der Ästuare"
"07.05";"Brackwasser-Hochstaudenflur der Nordseeküste und der Ästuare";"  Brackwasser-Hochstaudenflur der Nordseeküste und der Ästuare"
"07.05.01";"Brackwasser-Hochstaudenflur der Nordseeküste";"    Brackwasser-Hochstaudenflur der Nordseeküste"
"07.05.02";"Brackwasser-Hochstaudenflur der (Nordsee-)Ästuare";"    Brackwasser-Hochstaudenflur der (Nordsee-)Ästuare"
"07.06";"brackwasserbeeinflusstes Grünland der Nordseeküste und der Ästuare";"  brackwasserbeeinflusstes Grünland der Nordseeküste und der Ästuare"
"07.06.01";"brackwasserbeeinflusstes Grünland der Nordseeküste";"    brackwasserbeeinflusstes Grünland der Nordseeküste"
"07.06.02";"brackwasserbeeinflusstes Grünland der (Nordsee-)Ästuare";"    brackwasserbeeinflusstes Grünland der (Nordsee-)Ästuare"
"07.07";"Salzgräben vordeichs";"  Salzgräben vordeichs"
"08";"Salzgrünland, Brackwasserröhrichte und -Hochstaudenfluren des Geolitorals der Ostseeküste";"Salzgrünland, Brackwasserröhrichte und -Hochstaudenfluren des Geolitorals der Ostseeküste"
"08.01";"Salzgrünland des Geolitorals der Ostseeküste (ohne Röhrichte)";"  Salzgrünland des Geolitorals der Ostseeküste (ohne Röhrichte)"
"08.01.01";"Salzgrünland des Geolitorals der Ostseeküste auf überwiegend minerogenen Böden";"    Salzgrünland des Geolitorals der Ostseeküste auf überwiegend minerogenen Böden"
"08.01.02";"Salzgrünland des Geolitorals der Ostseeküste auf überwiegend organogenen Böden (Küstenüberflutungsmoor)";"    Salzgrünland des Geolitorals der Ostseeküste auf überwiegend organogenen Böden (Küstenüberflutungsmoor)"
"08.02";"Brackwasserröhrichte der Ostseeküste (Übergangsbereich Hydro- und Geolitoral)";"  Brackwasserröhrichte der Ostseeküste (Übergangsbereich Hydro- und Geolitoral)"
"08.02.01";"ungenutztes Brackwasserröhricht der Ostseeküste";"    ungenutztes Brackwasserröhricht der Ostseeküste"
"08.02.02";"genutztes Brackwasserröhricht der Ostseeküste";"    genutztes Brackwasserröhricht der Ostseeküste"
"08.03";"Brackwasser-Hochstaudenfluren der Ostseeküste";"  Brackwasser-Hochstaudenfluren der Ostseeküste"
"08.03.01";"Brackwasser-Hochstaudenflur der Ostseeküste auf überwiegend minerogenen Böden";"    Brackwasser-Hochstaudenflur der Ostseeküste auf überwiegend minerogenen Böden"
"08.03.02";"Brackwasser-Hochstaudenflur der Ostseeküste auf überwiegend organogenen Böden (Küstenüberflutungsmoore)";"    Brackwasser-Hochstaudenflur der Ostseeküste auf überwiegend organogenen Böden (Küstenüberflutungsmoore)"
"08.04";"Schlenke, Kolk und Rinne des Geolitorals der Ostseeküste mit Pioniervegetation (u.a. Queller)";"  Schlenke, Kolk und Rinne des Geolitorals der Ostseeküste mit Pioniervegetation (u.a. Queller)"
"08.05";"Strandwiese (Komplex)";"  Strandwiese (Komplex)"
"08.06";"Brackwassergraben";"  Brackwassergraben"
"09";"Sände, Sand-, Geröll- und Blockstrände";"Sände, Sand-, Geröll- und Blockstrände"
"09.01";"Sandbank, Außensand und Nehrungshaken";"  Sandbank, Außensand und Nehrungshaken"
"09.02";"Sandstrände und Sandplaten";"  Sandstrände und Sandplaten"
"09.02.01";"naturnaher Sandstrand ohne Makrophyten";"    naturnaher Sandstrand ohne Makrophyten"
"09.02.02";"naturnaher Sandstrand mit Sand- und Salzpflanzenvegetation";"    naturnaher Sandstrand mit Sand- und Salzpflanzenvegetation"
"09.02.03";"Bade-Sandstrand";"    Bade-Sandstrand"
"09.03";"Kies- und Geröllstrände";"  Kies- und Geröllstrände"
"09.03.01";"Kies- und Geröllstrand ohne Makrophytenvegetation";"    Kies- und Geröllstrand ohne Makrophytenvegetation"
"09.03.02";"Kies- und Geröllstrand mit Makrophytenvegetation";"    Kies- und Geröllstrand mit Makrophytenvegetation"
"09.04";"Blockstrände";"  Blockstrände"
"09.04.01";"Blockstrand ohne oder mit sehr lückiger Makrophytenvegetation";"    Blockstrand ohne oder mit sehr lückiger Makrophytenvegetation"
"09.04.02";"Blockstrand mit Makrophytenvegetation";"    Blockstrand mit Makrophytenvegetation"
"09.05";"Strandwälle";"  Strandwälle"
"09.05.01";"Strandwall ohne oder mit sehr lückiger Makrophytenvegetation";"    Strandwall ohne oder mit sehr lückiger Makrophytenvegetation"
"09.05.02";"Strandwall mit krautiger Makrophytenvegetation";"    Strandwall mit krautiger Makrophytenvegetation"
"09.05.03";"Strandwälle mit Gebüschvegetation";"    Strandwälle mit Gebüschvegetation"
"09.06";"Strandgewässer";"  Strandgewässer"
"09.06.01";"Strandsee (mit Tiefenzone)";"    Strandsee (mit Tiefenzone)"
"09.06.02";"Strandflachsee";"    Strandflachsee"
"09.06.03";"Strandtümpel";"    Strandtümpel"
"10";"Küstendünen";"Küstendünen"
"10.01";"Vordüne";"  Vordüne"
"10.02";"Weißdüne";"  Weißdüne"
"10.03";"Graudünen (Dünenrasen)";"  Graudünen (Dünenrasen)"
"10.03.01";"Dünenpionierrasen mit einjähriger lückiger Vegetation";"    Dünenpionierrasen mit einjähriger lückiger Vegetation"
"10.03.02";"Dünenrasen mit geschlossener Narbe und überwiegend ausdauernden Arten";"    Dünenrasen mit geschlossener Narbe und überwiegend ausdauernden Arten"
"10.04";"Braundünen (Küstendünenheiden)";"  Braundünen (Küstendünenheiden)"
"10.04.01";"Krähenbeer-Heide der Küstendünen";"    Krähenbeer-Heide der Küstendünen"
"10.04.02";"Calluna-Heide auf Küstendünen";"    Calluna-Heide auf Küstendünen"
"10.05";"feuchte/nasse Dünentäler, inkl. Dünenmoore [Komplex]";"  feuchte/nasse Dünentäler, inkl. Dünenmoore [Komplex]"
"10.05.01";"feuchtes/nasses Dünental mit stehendem Gewässer";"    feuchtes/nasses Dünental mit stehendem Gewässer"
"10.05.02";"feuchtes/nasses Dünental mit Pioniervegetation";"    feuchtes/nasses Dünental mit Pioniervegetation"
"10.05.03";"feuchtes/nasses Dünental mit Vermoorungen (Dünenmoor)";"    feuchtes/nasses Dünental mit Vermoorungen (Dünenmoor)"
"10.05.04";"feuchtes/nasses Dünental mit Salzgrünland";"    feuchtes/nasses Dünental mit Salzgrünland"
"10.05.05";"feuchtes/nasses Dünental mit Röhricht-, Ried- oder Hochstaudenfragmenten";"    feuchtes/nasses Dünental mit Röhricht-, Ried- oder Hochstaudenfragmenten"
"10.06";"Dünengebüsche";"  Dünengebüsche"
"10.06.01";"Dünengebüsch mit Sanddorn";"    Dünengebüsch mit Sanddorn"
"10.06.02";"Dünengebüsch mit Kriechweiden-Teppich";"    Dünengebüsch mit Kriechweiden-Teppich"
"10.06.03";"sonstiges Dünengebüsch mit anderen autochthonen Arten (z.B. Rosa pimpinellifolia)";"    sonstiges Dünengebüsch mit anderen autochthonen Arten (z.B. Rosa pimpinellifolia)"
"10.06.04";"Dünengebüsch mit nicht autochthonen Arten (z.B. Rosa rugosa)";"    Dünengebüsch mit nicht autochthonen Arten (z.B. Rosa rugosa)"
"10.07";"Wanderdüne";"  Wanderdüne"
"11";"Fels- und Steinküsten";"Fels- und Steinküsten"
"11.01";"Sandstein-Felsküste (Helgoland)";"  Sandstein-Felsküste (Helgoland)"
"11.02";"Kreide-Felsküste (Ostsee)";"  Kreide-Felsküste (Ostsee)"
"11.03";"Geestkliff der Nordfriesischen Inseln";"  Geestkliff der Nordfriesischen Inseln"
"11.03.01";"Geestkliff, aktiv";"    Geestkliff, aktiv"
"11.03.02";"Geestkliff, inaktiv";"    Geestkliff, inaktiv"
"11.04";"Moränensteilküsten der Ostsee";"  Moränensteilküsten der Ostsee"
"11.04.01";"Moränensteilküste, aktiv";"    Moränensteilküste, aktiv"
"11.04.02";"Moränensteilküste, inaktiv";"    Moränensteilküste, inaktiv"
"21";"Grundwasser und Höhlengewässer";"Grundwasser und Höhlengewässer"
"21.01";"Grundwasser";"  Grundwasser"
"21.01.01";"kalkarmes Grundwasser";"    kalkarmes Grundwasser"
"21.01.02";"kalkreiches Grundwasser";"    kalkreiches Grundwasser"
"21.02";"Höhlenbäche";"  Höhlenbäche"
"21.02.01";"kalkarmer Höhlenbach";"    kalkarmer Höhlenbach"
"21.02.02";"kalkreicher Höhlenbach";"    kalkreicher Höhlenbach"
"21.03";"Höhlenseen";"  Höhlenseen"
"21.03.01";"kalkarmer Höhlensee";"    kalkarmer Höhlensee"
"21.03.02";"kalkreicher Höhlensee";"    kalkreicher Höhlensee"
"22";"QUELLEN (inkl. Quellabfluss [Krenal])";"QUELLEN (inkl. Quellabfluss [Krenal])"
"22.01";"Sicker- und Sumpfquellen (Helokrenen)";"  Sicker- und Sumpfquellen (Helokrenen)"
"22.01.01";"kalkarme Sicker- und Sumpfquelle";"    kalkarme Sicker- und Sumpfquelle"
"22.01.02";"kalkreiche Sicker- und Sumpfquellen";"    kalkreiche Sicker- und Sumpfquellen"
"22.02";"Grundquellen (Limnokrenen)";"  Grundquellen (Limnokrenen)"
"22.02.01";"kalkarme Grundquelle";"    kalkarme Grundquelle"
"22.02.02";"kalkreiche Grundquelle";"    kalkreiche Grundquelle"
"22.03";"Sturzquellen (Rheokrenen)";"  Sturzquellen (Rheokrenen)"
"22.03.01";"kalkarme Sturzquelle";"    kalkarme Sturzquelle"
"22.03.02";"kalkreiche Sturzquellen";"    kalkreiche Sturzquellen"
"22.04";"Salz- oder Solquellen";"  Salz- oder Solquellen"
"22.04.01";"salzhaltige Sicker- und Sumpfquelle (Helokrene)";"    salzhaltige Sicker- und Sumpfquelle (Helokrene)"
"22.04.02";"salzhaltige Grundquelle (Limnokrene)";"    salzhaltige Grundquelle (Limnokrene)"
"22.04.03";"salzhaltige Sturzquelle (Rheokrene)";"    salzhaltige Sturzquelle (Rheokrene)"
"22.05";"künstlich gefasste Quellen";"  künstlich gefasste Quellen"
"22.05.01";"künstlich gefasste, kalkarme Quelle";"    künstlich gefasste, kalkarme Quelle"
"22.05.02";"künstlich gefasste, kalkreiche Quelle";"    künstlich gefasste, kalkreiche Quelle"
"23";"FLIESSENDE GEWÄSSER";"FLIESSENDE GEWÄSSER"
"23.01";"natürliche und naturnahe Fließgewässer";"  natürliche und naturnahe Fließgewässer"
"23.01.01";"natürliches und naturnahes Rhitral";"    natürliches und naturnahes Rhitral"
"23.01.02";"natürliches und naturnahes Potamal";"    natürliches und naturnahes Potamal"
"23.02";"anthropogen mäßig beeinträchtigte Fließgewässer";"  anthropogen mäßig beeinträchtigte Fließgewässer"
"23.02.01";"anthropogen mäßig beeinträchtigtes Rhitral";"    anthropogen mäßig beeinträchtigtes Rhitral"
"23.02.02";"anthropogen mäßig beeinträchtigtes Potamal";"    anthropogen mäßig beeinträchtigtes Potamal"
"23.03";"anthropogen stark beeinträchtigte Fließgewässer";"  anthropogen stark beeinträchtigte Fließgewässer"
"23.03.01";"anthropogen stark beeinträchtiges Fließgewässer, schnell fließend (mit Rhitralcharakter)";"    anthropogen stark beeinträchtiges Fließgewässer, schnell fließend (mit Rhitralcharakter)"
"23.03.02";"anthropogen stark beeinträchtiges Fließgewässer, langsam fließend (mit Potamalcharakter)";"    anthropogen stark beeinträchtiges Fließgewässer, langsam fließend (mit Potamalcharakter)"
"23.04";"anthropogen erheblich veränderte Fließgewässer";"  anthropogen erheblich veränderte Fließgewässer"
"23.04.01";"anthropogen erheblich verändertes Fließgewässer, schnell fließend";"    anthropogen erheblich verändertes Fließgewässer, schnell fließend"
"23.04.02";"anthropogen erheblich verändertes Fließgewässer, langsam fließend";"    anthropogen erheblich verändertes Fließgewässer, langsam fließend"
"23.05";"Fließgewässer technischer Art (inkl. Salzgräben)";"  Fließgewässer technischer Art (inkl. Salzgräben)"
"23.05.01";"Graben mit ganzjährigem Fließgewässercharakter";"    Graben mit ganzjährigem Fließgewässercharakter"
"23.05.02";"technische Rinne, Halbschale";"    technische Rinne, Halbschale"
"23.05.03";"Verrohrung";"    Verrohrung"
"23.06";"Mündungen in Binnengewässer";"  Mündungen in Binnengewässer"
"23.06.01";"Fallmündung";"    Fallmündung"
"23.06.02";"Schuttkegelmündung";"    Schuttkegelmündung"
"23.06.03";"Schwemmkegelmündung";"    Schwemmkegelmündung"
"23.06.04";"Trichtermündung";"    Trichtermündung"
"23.06.05";"Deltamündung";"    Deltamündung"
"23.07";"Sonderformen im Fließgewässerverlauf";"  Sonderformen im Fließgewässerverlauf"
"23.07.01";"Wasserfall";"    Wasserfall"
"23.07.02";"Altarm";"    Altarm"
"23.07.03";"Seeabfluss";"    Seeabfluss"
"23.07.04";"Staustrecke";"    Staustrecke"
"23.07.05";"Salzbach";"    Salzbach"
"23.08";"zeitweilig trockenfallende Lebensräume unterhalb des Mittelwasserbereichs an fließenden Gewässern";"  zeitweilig trockenfallende Lebensräume unterhalb des Mittelwasserbereichs an fließenden Gewässern"
"23.08.01";"zeitweilig trockenfallende Felsfläche an fließenden Gewässern";"    zeitweilig trockenfallende Felsfläche an fließenden Gewässern"
"23.08.02";"zeitweilig trockenfallende Geröllfläche an fließenden Gewässern";"    zeitweilig trockenfallende Geröllfläche an fließenden Gewässern"
"23.08.03";"zeitweilig trockenfallende Kiesfläche an fließenden Gewässern";"    zeitweilig trockenfallende Kiesfläche an fließenden Gewässern"
"23.08.04";"zeitweilig trockenfallende Sandfläche an fließenden Gewässern";"    zeitweilig trockenfallende Sandfläche an fließenden Gewässern"
"23.08.05";"zeitweilig trockenfallende Schlammfläche an fließenden Gewässern";"    zeitweilig trockenfallende Schlammfläche an fließenden Gewässern"
"23.09";"natürliche und naturnahe temporäre Fließgewässer";"  natürliche und naturnahe temporäre Fließgewässer"
"23.09.01";"natürliches und naturnahes temporäres Karst-Fließgewässer";"    natürliches und naturnahes temporäres Karst-Fließgewässer"
"23.09.02";"sonstiges natürliches oder naturnahes temporäres Fließgewässer";"    sonstiges natürliches oder naturnahes temporäres Fließgewässer"
"24";"STEHENDE GEWÄSSER";"STEHENDE GEWÄSSER"
"24.01";"dystrophe stehende Gewässer / Moorgewässer";"  dystrophe stehende Gewässer / Moorgewässer"
"24.01.01";"natürlicher oder naturnaher, dystropher See und Weiher (inkl. naturnahe, dystrophe Teiche)";"    natürlicher oder naturnaher, dystropher See und Weiher (inkl. naturnahe, dystrophe Teiche)"
"24.01.02";"sich selbst überlassenes, dystrophes Abbaugewässer";"    sich selbst überlassenes, dystrophes Abbaugewässer"
"24.01.03";"dystropher Tümpel";"    dystropher Tümpel"
"24.02";"oligotrophe stehende Gewässer";"  oligotrophe stehende Gewässer"
"24.02.01";"oligotrophe Seen";"    oligotrophe Seen"
"24.02.02";"oligotrophe Weiher";"    oligotrophe Weiher"
"24.02.03";"oligotrophe, sich selbst überlassene Abbaugewässer";"    oligotrophe, sich selbst überlassene Abbaugewässer"
"24.02.04";"oligotrophe Tümpel";"    oligotrophe Tümpel"
"24.03";"mesotrophe stehende Gewässer";"  mesotrophe stehende Gewässer"
"24.03.01";"mesotrophe Seen";"    mesotrophe Seen"
"24.03.02";"mesotrophe Altwasser";"    mesotrophe Altwasser"
"24.03.03";"mesotrophe Weiher und Flachseen (inkl. naturnahe, mesotrophe Teiche)";"    mesotrophe Weiher und Flachseen (inkl. naturnahe, mesotrophe Teiche)"
"24.03.04";"mesotrophe, sich selbst überlassene Abbaugewässer";"    mesotrophe, sich selbst überlassene Abbaugewässer"
"24.03.05";"mesotrophe Tümpel";"    mesotrophe Tümpel"
"24.04";"eutrophe stehende Gewässer";"  eutrophe stehende Gewässer"
"24.04.01";"eutropher See";"    eutropher See"
"24.04.02";"eutrophes Altwasser";"    eutrophes Altwasser"
"24.04.03";"eutropher Weiher und Flachsee (inkl. naturnahe, eutrophe Teiche)";"    eutropher Weiher und Flachsee (inkl. naturnahe, eutrophe Teiche)"
"24.04.04";"eutrophes, sich selbst überlassenes Abbaugewässer (naturnah)";"    eutrophes, sich selbst überlassenes Abbaugewässer (naturnah)"
"24.04.05";"eutropher Tümpel";"    eutropher Tümpel"
"24.05";"poly-hypertrophe stehende Gewässer";"  poly-hypertrophe stehende Gewässer"
"24.05.01";"poly-hypertropher See und Weiher";"    poly-hypertropher See und Weiher"
"24.05.02";"poly-hypertropher Tümpel";"    poly-hypertropher Tümpel"
"24.06";"salzhaltige Binnengewässer";"  salzhaltige Binnengewässer"
"24.06.01";"salzhaltiges, perennierendes, stehendes Gewässer (Binnenlandsalzstellen)";"    salzhaltiges, perennierendes, stehendes Gewässer (Binnenlandsalzstellen)"
"24.06.02";"gipshaltiges, perennierendes, stehendes Gewässer";"    gipshaltiges, perennierendes, stehendes Gewässer"
"24.06.03";"Salztümpel des Binnenlandes";"    Salztümpel des Binnenlandes"
"24.07";"stehende Gewässer anthropogenen Ursprungs";"  stehende Gewässer anthropogenen Ursprungs"
"24.07.01";"naturferner, wassergefüllter Torfstich (aktuell im Abbau)";"    naturferner, wassergefüllter Torfstich (aktuell im Abbau)"
"24.07.02";"Fischzuchtgewässer (intensive Nutzung)";"    Fischzuchtgewässer (intensive Nutzung)"
"24.07.03";"Kanäle";"    Kanäle"
"24.07.04";"Gräben mit sehr langsam fließendem bis stehendem Wasser";"    Gräben mit sehr langsam fließendem bis stehendem Wasser"
"24.07.05";"Zier- und Löschteich";"    Zier- und Löschteich"
"24.07.06";"Klär- bzw. Schönungsteich";"    Klär- bzw. Schönungsteich"
"24.07.07";"industrielles Absetzbecken, Spülfeld und Flüssigdeponie";"    industrielles Absetzbecken, Spülfeld und Flüssigdeponie"
"24.07.08";"offene Wasserrückhaltebecken";"    offene Wasserrückhaltebecken"
"24.07.09";"Hafenbecken";"    Hafenbecken"
"24.07.10";"Speicherseen mit hohen Wasserstandsschwankungen";"    Speicherseen mit hohen Wasserstandsschwankungen"
"24.07.11";"Wasseraufbereitungsanlage (offener Sickerteich)";"    Wasseraufbereitungsanlage (offener Sickerteich)"
"24.07.12";"Abbaugewässer (in Betrieb) inkl. sich selbst überlassenes Abbaugewässer mit extremem Chemismus";"    Abbaugewässer (in Betrieb) inkl. sich selbst überlassenes Abbaugewässer mit extremem Chemismus"
"24.08";"zeitweilig trockenfallende Lebensräume unterhalb des Mittelwasserbereichs an stehenden Gewässern";"  zeitweilig trockenfallende Lebensräume unterhalb des Mittelwasserbereichs an stehenden Gewässern"
"24.08.01";"zeitweilig trockenfallende Felsfläche an stehenden Gewässern";"    zeitweilig trockenfallende Felsfläche an stehenden Gewässern"
"24.08.02";"zeitweilig trockenfallende Geröllfläche an stehenden Gewässern";"    zeitweilig trockenfallende Geröllfläche an stehenden Gewässern"
"24.08.03";"zeitweilig trockenfallende Kiesfläche an stehenden Gewässern";"    zeitweilig trockenfallende Kiesfläche an stehenden Gewässern"
"24.08.04";"zeitweilig trockenfallende Sandfläche an stehenden Gewässern";"    zeitweilig trockenfallende Sandfläche an stehenden Gewässern"
"24.08.05";"zeitweilig trockenfallende Schlammfläche an stehenden Gewässern";"    zeitweilig trockenfallende Schlammfläche an stehenden Gewässern"
"24.08.06";"zeitweilig trockenfallende Torffläche an Moorgewässern";"    zeitweilig trockenfallende Torffläche an Moorgewässern"
"31";"HÖHLEN (einschl. Stollen, Brunnenschächte etc.)";"HÖHLEN (einschl. Stollen, Brunnenschächte etc.)"
"31.01";"natürliche Höhlen und Balmen";"  natürliche Höhlen und Balmen"
"31.01.01";"Balmen (Halbhöhlen) und Eingangsbereiche von Höhlen";"    Balmen (Halbhöhlen) und Eingangsbereiche von Höhlen"
"31.01.02";"natürliche Höhlen (Bereiche ohne Tageslichteinfluss)";"    natürliche Höhlen (Bereiche ohne Tageslichteinfluss)"
"31.02";"Stollen und Schächte";"  Stollen und Schächte"
"31.02.01";"sich selbst überlassener Stollen bzw. Schacht";"    sich selbst überlassener Stollen bzw. Schacht"
"31.02.02";"in Betrieb befindlicher Stollen bzw. Schacht (inkl. Besucherbergwerke usw.)";"    in Betrieb befindlicher Stollen bzw. Schacht (inkl. Besucherbergwerke usw.)"
"32";"FELSEN, BLOCK- UND SCHUTTHALDEN, GERÖLLFELDER, OFFENE BEREICHE MIT SANDIGEM ODER BINDIGEM SUBSTRAT";"FELSEN, BLOCK- UND SCHUTTHALDEN, GERÖLLFELDER, OFFENE BEREICHE MIT SANDIGEM ODER BINDIGEM SUBSTRAT"
"32.01";"natürliche und naturnah entwickelte Felsen";"  natürliche und naturnah entwickelte Felsen"
"32.01.01";"natürlicher und naturnah entwickelter Karbonatfels";"    natürlicher und naturnah entwickelter Karbonatfels"
"32.01.02";"natürliche und naturnah entwickelte Silikatfelsen (ohne Serpentinit)";"    natürliche und naturnah entwickelte Silikatfelsen (ohne Serpentinit)"
"32.01.03";"natürlicher und naturnah entwickelter Serpentinitfels";"    natürlicher und naturnah entwickelter Serpentinitfels"
"32.01.04";"natürlicher und naturnah entwickelter Gipsfels";"    natürlicher und naturnah entwickelter Gipsfels"
"32.02";"solitärer Felsblock, Findling";"  solitärer Felsblock, Findling"
"32.03";"natürliche und naturnah entwickelte Blockhalden";"  natürliche und naturnah entwickelte Blockhalden"
"32.03.01";"natürliche und naturnah entwickelte Blockhalde aus Karbonatgestein";"    natürliche und naturnah entwickelte Blockhalde aus Karbonatgestein"
"32.03.02";"natürliche und naturnah entwickelte Blockhalden aus Silikatgestein (ohne Serpentinit)";"    natürliche und naturnah entwickelte Blockhalden aus Silikatgestein (ohne Serpentinit)"
"32.03.03";"natürliche und naturnah entwickelte Blockhalde aus Serpentinitgestein";"    natürliche und naturnah entwickelte Blockhalde aus Serpentinitgestein"
"32.04";"natürliche und naturnah entwickelte Schutthalden";"  natürliche und naturnah entwickelte Schutthalden"
"32.04.01";"natürliche und naturnah entwickelte Schutthalde aus Karbonatgestein (inkl. Mergel)";"    natürliche und naturnah entwickelte Schutthalde aus Karbonatgestein (inkl. Mergel)"
"32.04.02";"natürliche und naturnah entwickelte Schutthalden aus Silikatgestein (ohne Serpentinit)";"    natürliche und naturnah entwickelte Schutthalden aus Silikatgestein (ohne Serpentinit)"
"32.04.03";"natürliche und naturnah entwickelte Schutthalde aus Serpentinitgestein";"    natürliche und naturnah entwickelte Schutthalde aus Serpentinitgestein"
"32.04.04";"natürliche und naturnah entwickelte Schutthalde aus Gipsgestein";"    natürliche und naturnah entwickelte Schutthalde aus Gipsgestein"
"32.05";"Steinriegel und Natursteinmauern";"  Steinriegel und Natursteinmauern"
"32.05.01";"Steinriegel";"    Steinriegel"
"32.05.02";"Trockenmauern";"    Trockenmauern"
"32.05.03";"verfugte Natursteinmauern (auch von Ruinen)";"    verfugte Natursteinmauern (auch von Ruinen)"
"32.06";"Sandwand";"  Sandwand"
"32.07";"Lehm- und Lösswände";"  Lehm- und Lösswände"
"32.07.01";"Lösswand";"    Lösswand"
"32.07.02";"Geschiebemergel- und sonstige Lehmwand";"    Geschiebemergel- und sonstige Lehmwand"
"32.08";"vegetationsarme Kies- und Schotterfläche";"  vegetationsarme Kies- und Schotterfläche"
"32.09";"vegetationsarme Sandfläche";"  vegetationsarme Sandfläche"
"32.10";"vegetationsarme Fläche mit bindigem Substrat";"  vegetationsarme Fläche mit bindigem Substrat"
"32.11";"Abbaubereiche und Abraumhalden";"  Abbaubereiche und Abraumhalden"
"32.11.01";"junge, sich selbst überlassene oder in Aufschüttung befindliche Schutthalden";"    junge, sich selbst überlassene oder in Aufschüttung befindliche Schutthalden"
"32.11.02";"junge, sich selbst überlassene oder in Aufschüttung befindliche Halde mit sandig-kiesigem Substrat";"    junge, sich selbst überlassene oder in Aufschüttung befindliche Halde mit sandig-kiesigem Substrat"
"32.11.03";"junge, sich selbst überlassene oder in Aufschüttung befindliche Halde mit bindigem Substrat";"    junge, sich selbst überlassene oder in Aufschüttung befindliche Halde mit bindigem Substrat"
"32.11.04";"Felswände im Abbau (Steinbrüche) und junge, aufgelassene Steinbrüche";"    Felswände im Abbau (Steinbrüche) und junge, aufgelassene Steinbrüche"
"32.11.05";"Grobschutthalde im Abbau";"    Grobschutthalde im Abbau"
"32.11.06";"Sand- oder Kiesentnahmestelle im Abbau";"    Sand- oder Kiesentnahmestelle im Abbau"
"32.11.07";"Entnahmestelle bindigen Substrates";"    Entnahmestelle bindigen Substrates"
"33";"ÄCKER UND ACKERBRACHE";"ÄCKER UND ACKERBRACHE"
"33.01";"flachgründige, skelettreiche Kalkäcker und Kalkackerbrache";"  flachgründige, skelettreiche Kalkäcker und Kalkackerbrache"
"33.01.01";"extensiv bewirtschafteter flachgründiger und skelettreicher Kalkacker mit vollständiger Segetalvegetation";"    extensiv bewirtschafteter flachgründiger und skelettreicher Kalkacker mit vollständiger Segetalvegetation"
"33.01.02";"flachgründiger und skelettreicher Kalkacker mit artenreicher Segetalvegetation";"    flachgründiger und skelettreicher Kalkacker mit artenreicher Segetalvegetation"
"33.01.03";"intensiv bewirtschafteter, flachgründiger und skelettreicher Kalkacker mit stark verarmter oder fehlender Segetalvegetation";"    intensiv bewirtschafteter, flachgründiger und skelettreicher Kalkacker mit stark verarmter oder fehlender Segetalvegetation"
"33.01.04";"flachgründige, skelettreiche Kalkackerbrache";"    flachgründige, skelettreiche Kalkackerbrache"
"33.02";"Äcker und Ackerbrache auf flachgründigem, skelettreichem Silikatverwitterungsboden";"  Äcker und Ackerbrache auf flachgründigem, skelettreichem Silikatverwitterungsboden"
"33.02.01";"extensiv bewirtschafteter Acker auf flachgründigem, skelettreichem Silikatverwitterungsboden mit vollständiger Segetalvegetation";"    extensiv bewirtschafteter Acker auf flachgründigem, skelettreichem Silikatverwitterungsboden mit vollständiger Segetalvegetation"
"33.02.02";"Acker auf flachgründigem, skelettreichem Silikatverwitterungsboden mit artenreicher Segetalvegetaion";"    Acker auf flachgründigem, skelettreichem Silikatverwitterungsboden mit artenreicher Segetalvegetaion"
"33.02.03";"intensiv bewirtschafteter Acker auf flachgründigem, skelettreichem Silikatverwitterungsboden mit stark verarmter oder fehlender Segetalvegetation";"    intensiv bewirtschafteter Acker auf flachgründigem, skelettreichem Silikatverwitterungsboden mit stark verarmter oder fehlender Segetalvegetation"
"33.02.04";"Ackerbrache auf flachgründigem, skelettreichem Silikatverwitterungsboden";"    Ackerbrache auf flachgründigem, skelettreichem Silikatverwitterungsboden"
"33.03";"Äcker und Ackerbrache auf Sandboden";"  Äcker und Ackerbrache auf Sandboden"
"33.03.01";"extensiv bewirtschafteter Acker auf Sandboden mit vollständiger Segetalvegetation";"    extensiv bewirtschafteter Acker auf Sandboden mit vollständiger Segetalvegetation"
"33.03.02";"Acker auf Sandboden mit artenreicher Segetalvegetation";"    Acker auf Sandboden mit artenreicher Segetalvegetation"
"33.03.03";"intensiv bewirtschafteter Acker auf Sandboden mit stark verarmter oder fehlender Segetalvegetation";"    intensiv bewirtschafteter Acker auf Sandboden mit stark verarmter oder fehlender Segetalvegetation"
"33.03.04";"Ackerbrache auf Sandboden";"    Ackerbrache auf Sandboden"
"33.04";"Äcker und Ackerbrache auf Löss-, Lehm- oder Tonboden";"  Äcker und Ackerbrache auf Löss-, Lehm- oder Tonboden"
"33.04.01";"extensiv bewirtschafteter Acker auf Löss-, Lehm- oder Tonboden mit vollständiger Segetalvegetation";"    extensiv bewirtschafteter Acker auf Löss-, Lehm- oder Tonboden mit vollständiger Segetalvegetation"
"33.04.02";"Acker auf Löss-, Lehm- oder Tonboden mit artenreicher Segetalvegetation";"    Acker auf Löss-, Lehm- oder Tonboden mit artenreicher Segetalvegetation"
"33.04.03";"intensiv bewirtschafteter Acker auf Löss-, Lehm- oder Tonboden mit stark verarmter oder fehlender Segetalvegetation";"    intensiv bewirtschafteter Acker auf Löss-, Lehm- oder Tonboden mit stark verarmter oder fehlender Segetalvegetation"
"33.04.04";"Ackerbrache auf Löss-, Lehm- oder Tonboden";"    Ackerbrache auf Löss-, Lehm- oder Tonboden"
"33.05";"Äcker und Ackerbrache auf Torf- oder Anmoorboden";"  Äcker und Ackerbrache auf Torf- oder Anmoorboden"
"33.05.01";"extensiv bewirtschafteter Acker auf Torf- oder Anmoorboden mit vollständiger Segetalvegetation";"    extensiv bewirtschafteter Acker auf Torf- oder Anmoorboden mit vollständiger Segetalvegetation"
"33.05.02";"Acker auf Torf- oder Anmoorboden mit artenreicher Segetalvegetation";"    Acker auf Torf- oder Anmoorboden mit artenreicher Segetalvegetation"
"33.05.03";"intensiv bewirtschafteter Acker auf Torf- oder Anmoorboden mit stark verarmter oder fehlender Segetalvegetation";"    intensiv bewirtschafteter Acker auf Torf- oder Anmoorboden mit stark verarmter oder fehlender Segetalvegetation"
"33.05.04";"Ackerbrache auf Torf- oder Anmoorboden";"    Ackerbrache auf Torf- oder Anmoorboden"
"34";"TROCKENRASEN SOWIE GRÜNLAND TROCKENER BIS FRISCHER STANDORTE";"TROCKENRASEN SOWIE GRÜNLAND TROCKENER BIS FRISCHER STANDORTE"
"34.01";"Trockenrasen";"  Trockenrasen"
"34.01.01";"Trockenrasen auf karbonatischem Untergrund";"    Trockenrasen auf karbonatischem Untergrund"
"34.01.02";"Trockenrasen auf silikatischem Untergrund";"    Trockenrasen auf silikatischem Untergrund"
"34.02";"Halbtrockenrasen";"  Halbtrockenrasen"
"34.02.01";"Halbtrockenrasen auf karbonatischem Untergrund";"    Halbtrockenrasen auf karbonatischem Untergrund"
"34.02.02";"Halbtrockenrasen auf silikatischem Untergrund";"    Halbtrockenrasen auf silikatischem Untergrund"
"34.03";"Steppenrasen (subkontinental, auf tiefgründigem Boden)";"  Steppenrasen (subkontinental, auf tiefgründigem Boden)"
"34.03.01";"Steppenrasen, gemäht";"    Steppenrasen, gemäht"
"34.03.02";"Steppenrasen, beweidet (inkl. Mähweide)";"    Steppenrasen, beweidet (inkl. Mähweide)"
"34.03.03";"Steppenrasen, brachgefallen bzw. ungenutzt";"    Steppenrasen, brachgefallen bzw. ungenutzt"
"34.04";"Sandtrockenrasen";"  Sandtrockenrasen"
"34.04.01";"annueller Sandtrockenrasen";"    annueller Sandtrockenrasen"
"34.04.02";"Silbergrasrasen";"    Silbergrasrasen"
"34.04.03";"ausdauernde Sandtrockenrasen mit geschlossener Narbe";"    ausdauernde Sandtrockenrasen mit geschlossener Narbe"
"34.05";"Schwermetallrasen";"  Schwermetallrasen"
"34.05.01";"natürlicher und halbnatürlicher Schwermetallrasen (natürliche und sekundär naturnah entwickelte Standorte)";"    natürlicher und halbnatürlicher Schwermetallrasen (natürliche und sekundär naturnah entwickelte Standorte)"
"34.05.02";"Schwermetallrasen junger Abraumhalden des Bergbaus";"    Schwermetallrasen junger Abraumhalden des Bergbaus"
"34.06";"Borstgrasrasen";"  Borstgrasrasen"
"34.06.01";"Borstgrasrasen trockener bis frischer Standorte";"    Borstgrasrasen trockener bis frischer Standorte"
"34.06.02";"Borstgrasrasen feuchter Standorte";"    Borstgrasrasen feuchter Standorte"
"34.07";"artenreiches Grünland frischer Standorte";"  artenreiches Grünland frischer Standorte"
"34.07.01";"artenreiches, frisches Grünland der planaren bis submontanen Stufe";"    artenreiches, frisches Grünland der planaren bis submontanen Stufe"
"34.07.02";"artenreiches, frisches Grünland der montanen bis hochmontanen Stufe";"    artenreiches, frisches Grünland der montanen bis hochmontanen Stufe"
"34.08";"artenarmes Intensivgrünland frischer Standorte";"  artenarmes Intensivgrünland frischer Standorte"
"34.08.01";"artenarmes, frisches Intensivgrünland der planaren bis submontanen Stufe";"    artenarmes, frisches Intensivgrünland der planaren bis submontanen Stufe"
"34.08.02";"artenarmes, frisches Intensivgrünland der montanen bis hochmontanen Stufe";"    artenarmes, frisches Intensivgrünland der montanen bis hochmontanen Stufe"
"34.09";"Tritt- und Parkrasen";"  Tritt- und Parkrasen"
"34.09.01";"artenreicher Parkrasen";"    artenreicher Parkrasen"
"34.09.02";"artenarmer Parkrasen";"    artenarmer Parkrasen"
"34.09.03";"Sportrasen, Golfrasen";"    Sportrasen, Golfrasen"
"34.09.04";"Trittrasen";"    Trittrasen"
"35";"WALDFREIE NIEDERMOORE UND SÜMPFE, GRÜNLAND NASSER BIS FEUCHTER STANDORTE (ohne Röhrichte und Großseggenrieder)";"WALDFREIE NIEDERMOORE UND SÜMPFE, GRÜNLAND NASSER BIS FEUCHTER STANDORTE (ohne Röhrichte und Großseggenrieder)"
"35.01";"waldfreie, oligo- bis mesotrophe Niedermoore und Sümpfe";"  waldfreie, oligo- bis mesotrophe Niedermoore und Sümpfe"
"35.01.01";"oligo- bis mesotrophe, kalkarme Niedermoore";"    oligo- bis mesotrophe, kalkarme Niedermoore"
"35.01.02";"oligo- bis mesotrophe, kalkreiche Niedermoore";"    oligo- bis mesotrophe, kalkreiche Niedermoore"
"35.02";"Grünland nasser bis (wechsel-)feuchter Standorte";"  Grünland nasser bis (wechsel-)feuchter Standorte"
"35.02.01";"Pfeifengraswiesen (auf mineralischen und organischen Böden)";"    Pfeifengraswiesen (auf mineralischen und organischen Böden)"
"35.02.02";"Brenndolden-Auenwiesen";"    Brenndolden-Auenwiesen"
"35.02.03";"sonstiges extensives Feucht- und Nassgrünland der planaren bis submontanen Stufe";"    sonstiges extensives Feucht- und Nassgrünland der planaren bis submontanen Stufe"
"35.02.04";"sonstiges extensives Feucht- und Nassgrünland der montanen bis hochmontanen Stufe";"    sonstiges extensives Feucht- und Nassgrünland der montanen bis hochmontanen Stufe"
"35.02.05";"Flutrasen";"    Flutrasen"
"35.02.06";"artenarmes, intensiv genutztes Feuchtgrünland der planaren bis submontanen Stufe";"    artenarmes, intensiv genutztes Feuchtgrünland der planaren bis submontanen Stufe"
"35.02.07";"artenarmes, intensiv genutztes Feuchtgrünland der montanen bis hochmontanen Stufe";"    artenarmes, intensiv genutztes Feuchtgrünland der montanen bis hochmontanen Stufe"
"35.03";"Salzgrünland des Binnenlandes";"  Salzgrünland des Binnenlandes"
"35.03.01";"naturnahes Salzgrünland des Binnenlandes";"    naturnahes Salzgrünland des Binnenlandes"
"35.03.02";"naturfernes Salzgrünland des Binnenlandes";"    naturfernes Salzgrünland des Binnenlandes"
"36";"HOCH-, ZWISCHEN- UND ÜBERGANGSMOORE";"HOCH-, ZWISCHEN- UND ÜBERGANGSMOORE"
"36.01";"Hochmoore (weitgehend intakt)";"  Hochmoore (weitgehend intakt)"
"36.01.01";"Hochmoor der planaren bis submontanen Stufe";"    Hochmoor der planaren bis submontanen Stufe"
"36.01.02";"Hochmoor der montanen bis hochmontanen Stufe";"    Hochmoor der montanen bis hochmontanen Stufe"
"36.02";"Übergangsmoore und Zwischenmoore";"  Übergangsmoore und Zwischenmoore"
"36.02.01";"Übergangsmoor oder Zwischenmoor der planaren bis submontanen Stufe";"    Übergangsmoor oder Zwischenmoor der planaren bis submontanen Stufe"
"36.02.02";"Übergangsmoor oder Zwischenmoor der montanen bis hochmontanen Stufe";"    Übergangsmoor oder Zwischenmoor der montanen bis hochmontanen Stufe"
"36.03";"Moordegenerationsstadien";"  Moordegenerationsstadien"
"36.03.01";"Moordegenerationsstadien mit Dominanz von Gräsern";"    Moordegenerationsstadien mit Dominanz von Gräsern"
"36.03.02";"Moordegenerationsstadium mit Dominanz von Zwergsträuchern";"    Moordegenerationsstadium mit Dominanz von Zwergsträuchern"
"36.03.03";"Moordegenerationsstadium mit starkem Gehölzaufwuchs";"    Moordegenerationsstadium mit starkem Gehölzaufwuchs"
"36.03.04";"Moordegenerationsstadium mit Dominanz von Hochstauden und Binsen";"    Moordegenerationsstadium mit Dominanz von Hochstauden und Binsen"
"36.04";"Torfabbaubereiche";"  Torfabbaubereiche"
"36.04.01";"Handtorfstich";"    Handtorfstich"
"36.04.02";"Abtorfungsflächen im Fräsverfahren";"    Abtorfungsflächen im Fräsverfahren"
"36.04.03";"Bunkerde-Halde";"    Bunkerde-Halde"
"36.04.04";"Torfhalden";"    Torfhalden"
"36.05";"Moor-Regenerationsflächen";"  Moor-Regenerationsflächen"
"36.05.01";"wiedervernässte Weißtorffläche";"    wiedervernässte Weißtorffläche"
"36.05.02";"wiedervernässte Schwarztorffläche";"    wiedervernässte Schwarztorffläche"
"37";"GROßSEGGENRIEDE";"GROßSEGGENRIEDE"
"37.01";"nährstoffarme Großseggenriede";"  nährstoffarme Großseggenriede"
"37.01.01";"bultiges nährstoffarmes Großseggenried";"    bultiges nährstoffarmes Großseggenried"
"37.01.02";"rasiges nährstoffarmes Großseggenried";"    rasiges nährstoffarmes Großseggenried"
"37.02";"nährstoffreiche Großseggenriede";"  nährstoffreiche Großseggenriede"
"37.02.01";"bultiges nährstoffreiches Großseggenried";"    bultiges nährstoffreiches Großseggenried"
"37.02.02";"rasiges nährstoffreiches Großseggenried";"    rasiges nährstoffreiches Großseggenried"
"38";"RÖHRICHTE (ohne Brackwasserröhrichte)";"RÖHRICHTE (ohne Brackwasserröhrichte)"
"38.01";"Teichsimsenröhricht";"  Teichsimsenröhricht"
"38.02";"Schilfröhrichte";"  Schilfröhrichte"
"38.02.01";"Schilf-Wasserröhricht";"    Schilf-Wasserröhricht"
"38.02.02";"Schilf-Landröhricht";"    Schilf-Landröhricht"
"38.03";"Rohrkolbenröhricht";"  Rohrkolbenröhricht"
"38.04";"Schneidenröhricht";"  Schneidenröhricht"
"38.05";"Wasserschwadenröhricht";"  Wasserschwadenröhricht"
"38.06";"Rohrglanzgrasröhricht";"  Rohrglanzgrasröhricht"
"38.07";"sonstiges Röhricht";"  sonstiges Röhricht"
"39";"WALD- UND UFERSÄUME, STAUDENFLUREN";"WALD- UND UFERSÄUME, STAUDENFLUREN"
"39.01";"Wald- und Gehölzsäume (ohne Ufersäume)";"  Wald- und Gehölzsäume (ohne Ufersäume)"
"39.01.01";"Wald- und Gehölzsäume oligo- bis eutropher Standorte";"    Wald- und Gehölzsäume oligo- bis eutropher Standorte"
"39.01.02";"Wald- und Gehölzsäume hypertropher Standorte";"    Wald- und Gehölzsäume hypertropher Standorte"
"39.02";"Kahlschläge und Fluren der Lichtungen (mit überwiegend krautiger Vegetation, planar bis montan)";"  Kahlschläge und Fluren der Lichtungen (mit überwiegend krautiger Vegetation, planar bis montan)"
"39.02.01";"Kahlschlag und Flur der Lichtungen auf kalkarmem Standort";"    Kahlschlag und Flur der Lichtungen auf kalkarmem Standort"
"39.02.02";"Kahlschlag und Flur der Lichtungen auf kalkreichem Standort";"    Kahlschlag und Flur der Lichtungen auf kalkreichem Standort"
"39.03";"krautige und grasige Säume und Fluren der offenen Landschaft (ohne Ufersäume und Grünlandbrachen)";"  krautige und grasige Säume und Fluren der offenen Landschaft (ohne Ufersäume und Grünlandbrachen)"
"39.03.01";"krautige und grasige Säume und Fluren der offenen Landschaft oligo- bis eutropher Standorte";"    krautige und grasige Säume und Fluren der offenen Landschaft oligo- bis eutropher Standorte"
"39.03.02";"krautige und grasige Säume und Fluren der offenen Landschaft hypertropher Standorte";"    krautige und grasige Säume und Fluren der offenen Landschaft hypertropher Standorte"
"39.04";"krautige Ufersäume oder -fluren an Gewässern";"  krautige Ufersäume oder -fluren an Gewässern"
"39.05";"Neophyten-Staudenfluren";"  Neophyten-Staudenfluren"
"39.05.01";"Neophyten-Staudenflur trocken-warmer Standorte";"    Neophyten-Staudenflur trocken-warmer Standorte"
"39.05.02";"Neophyten-Staudenflur frischer, feuchter und nasser Standorte";"    Neophyten-Staudenflur frischer, feuchter und nasser Standorte"
"39.06";"Ruderalstandorte";"  Ruderalstandorte"
"39.06.01";"trocken-warme Ruderalstandorte auf Sand-, Kies- und Schotterboden";"    trocken-warme Ruderalstandorte auf Sand-, Kies- und Schotterboden"
"39.06.02";"trocken-warme Ruderalstandorte auf bindigem Boden";"    trocken-warme Ruderalstandorte auf bindigem Boden"
"39.06.03";"frische bis nasse Ruderalstandorte";"    frische bis nasse Ruderalstandorte"
"39.07";"artenarme, gehölzfreie Dominanzbestände von Poly-Kormonbildnern (z.B. von Adlerfarn oder Landreitgras)";"  artenarme, gehölzfreie Dominanzbestände von Poly-Kormonbildnern (z.B. von Adlerfarn oder Landreitgras)"
"39.07.01";"artenarmer, gehölzfreier Adlerfarn-Dominanzbestand";"    artenarmer, gehölzfreier Adlerfarn-Dominanzbestand"
"39.07.02";"artenarmer, gehölzfreier Reitgras-Dominanzbestand";"    artenarmer, gehölzfreier Reitgras-Dominanzbestand"
"39.07.03";"sonstiger artenarmer, gehölzfreier Dominanzbestand von Poly-Kormonbildnern";"    sonstiger artenarmer, gehölzfreier Dominanzbestand von Poly-Kormonbildnern"
"40";"ZWERGSTRAUCHHEIDEN";"ZWERGSTRAUCHHEIDEN"
"40.01";"Felsbandheide";"  Felsbandheide"
"40.02";"Moor- oder Sumpfheiden";"  Moor- oder Sumpfheiden"
"40.02.01";"Moor- oder Sumpfheide, weitgehend intakt";"    Moor- oder Sumpfheide, weitgehend intakt"
"40.02.02";"Moor- oder Sumpfheide, degeneriert mit Grasdominanz (z.B. mit Molinia caerulea)";"    Moor- oder Sumpfheide, degeneriert mit Grasdominanz (z.B. mit Molinia caerulea)"
"40.02.03";"Moor- oder Sumpfheide, degeneriert mit Gehölzaufkommen (Birke, Faulbaum)";"    Moor- oder Sumpfheide, degeneriert mit Gehölzaufkommen (Birke, Faulbaum)"
"40.03";"Heiden auf sandigen Böden (Calluna-Heiden)";"  Heiden auf sandigen Böden (Calluna-Heiden)"
"40.03.01";"Heiden auf sandigen Böden, Pionier- bis Altersphase";"    Heiden auf sandigen Böden, Pionier- bis Altersphase"
"40.03.02";"Heiden auf sandigen Böden, degeneriert mit Grasdominanz (z.B. Deschampsia flexuosa)";"    Heiden auf sandigen Böden, degeneriert mit Grasdominanz (z.B. Deschampsia flexuosa)"
"40.03.03";"Heiden auf sandigen Böden, degeneriert mit Gehölzaufkommen (Kiefer, Birke)";"    Heiden auf sandigen Böden, degeneriert mit Gehölzaufkommen (Kiefer, Birke)"
"40.04";"Lehmheide";"  Lehmheide"
"40.05";"Bergheiden (Hochheiden)";"  Bergheiden (Hochheiden)"
"40.05.01";"Preiselbeer-Heidekraut-Heide";"    Preiselbeer-Heidekraut-Heide"
"40.05.02";"Schneeheide-Heide";"    Schneeheide-Heide"
"41";"FELDGEHÖLZE, GEBÜSCHE, HECKEN UND GEHÖLZKULTUREN";"FELDGEHÖLZE, GEBÜSCHE, HECKEN UND GEHÖLZKULTUREN"
"41.01";"Gebüsche mit überwiegend autochthonen Arten";"  Gebüsche mit überwiegend autochthonen Arten"
"41.01.01";"Gebüsch nasser bis feuchter mineralischer Standorte außerhalb von Auen";"    Gebüsch nasser bis feuchter mineralischer Standorte außerhalb von Auen"
"41.01.02";"(Weiden-)Gebüsch in Auen";"    (Weiden-)Gebüsch in Auen"
"41.01.03";"Gebüsche nasser bis feuchter organischer Standorte";"    Gebüsche nasser bis feuchter organischer Standorte"
"41.01.04";"Gebüsche frischer Standorte";"    Gebüsche frischer Standorte"
"41.01.05";"Gebüsch trocken-warmer Standorte";"    Gebüsch trocken-warmer Standorte"
"41.01.06";"Gebüsch stickstoffreicher, ruderaler Standorte";"    Gebüsch stickstoffreicher, ruderaler Standorte"
"41.02";"Feldgehölze mit überwiegend autochthonen Arten";"  Feldgehölze mit überwiegend autochthonen Arten"
"41.02.01";"Feldgehölz nasser bis feuchter Standorte";"    Feldgehölz nasser bis feuchter Standorte"
"41.02.02";"Feldgehölz frischer Standorte";"    Feldgehölz frischer Standorte"
"41.02.03";"Feldgehölz trocken-warmer Standorte";"    Feldgehölz trocken-warmer Standorte"
"41.03";"Hecken mit überwiegend autochthonen Arten";"  Hecken mit überwiegend autochthonen Arten"
"41.03.01";"Wallhecke, Knick";"    Wallhecke, Knick"
"41.03.02";"Hecke auf Lesesteinriegel";"    Hecke auf Lesesteinriegel"
"41.03.03";"Hecken auf ebenerdigen Rainen oder Böschungen";"    Hecken auf ebenerdigen Rainen oder Böschungen"
"41.04";"Gehölzanpflanzungen und Hecken aus überwiegend nicht autochthonen Arten";"  Gehölzanpflanzungen und Hecken aus überwiegend nicht autochthonen Arten"
"41.04.01";"flächige Gehölzanpflanzung aus überwiegend nicht autochthonen Arten";"    flächige Gehölzanpflanzung aus überwiegend nicht autochthonen Arten"
"41.04.02";"Hecke bzw. lineare Gehölzanpflanzung aus überwiegend nicht autochthonen Arten";"    Hecke bzw. lineare Gehölzanpflanzung aus überwiegend nicht autochthonen Arten"
"41.05";"Einzelbäume, Baumreihen und Baumgruppen";"  Einzelbäume, Baumreihen und Baumgruppen"
"41.05.01";"Laubbaum der offenen Landschaft (ohne Obst- und Nussbäume)";"    Laubbaum der offenen Landschaft (ohne Obst- und Nussbäume)"
"41.05.02";"Kopfbaum";"    Kopfbaum"
"41.05.03";"Nadelbaum der offenen Landschaft";"    Nadelbaum der offenen Landschaft"
"41.05.04";"Allee bzw. Baumreihe";"    Allee bzw. Baumreihe"
"41.05.05";"einzelne Obstbaumreihe oder einzelner Obst- bzw. Nussbaum";"    einzelne Obstbaumreihe oder einzelner Obst- bzw. Nussbaum"
"41.05.06";"Altbaumbestand in Parks oder auf Friedhöfen";"    Altbaumbestand in Parks oder auf Friedhöfen"
"41.06";"Streuobstbestand [Komplex]";"  Streuobstbestand [Komplex]"
"41.06.01";"Streuobstbestand auf Grünland";"    Streuobstbestand auf Grünland"
"41.06.02";"Streuobstbestand auf Acker";"    Streuobstbestand auf Acker"
"41.07";"Gehölzplantagen und Hopfenkulturen";"  Gehölzplantagen und Hopfenkulturen"
"41.07.01";"Mittel- und Hochstammobstplantage";"    Mittel- und Hochstammobstplantage"
"41.07.02";"Niederstammobstplantage";"    Niederstammobstplantage"
"41.07.03";"Spalierobstkultur";"    Spalierobstkultur"
"41.07.04";"Fruchtstrauchkultur";"    Fruchtstrauchkultur"
"41.07.05";"Baumschule, Jungbaumkultur";"    Baumschule, Jungbaumkultur"
"41.07.06";"Weihnachtsbaumkultur";"    Weihnachtsbaumkultur"
"41.07.07";"Hopfenkultur";"    Hopfenkultur"
"41.08";"Rebkulturen und Rebbrachen";"  Rebkulturen und Rebbrachen"
"41.08.01";"Rebkulturen in Steillage";"    Rebkulturen in Steillage"
"41.08.02";"Rebkulturen in ebener bis schwach geneigter Lage";"    Rebkulturen in ebener bis schwach geneigter Lage"
"41.08.03";"Rebbrachen in Steillage";"    Rebbrachen in Steillage"
"41.08.04";"Rebbrachen in ebener bis schwach geneigter Lage";"    Rebbrachen in ebener bis schwach geneigter Lage"
"41.09";"Gehölzanpflanzung auf stark schadstoffbelasteten Flächen";"  Gehölzanpflanzung auf stark schadstoffbelasteten Flächen"
"42";"WALDMÄNTEL UND VORWÄLDER, SPEZIELLE WALDNUTZUNGSFORMEN";"WALDMÄNTEL UND VORWÄLDER, SPEZIELLE WALDNUTZUNGSFORMEN"
"42.01";"Waldmäntel";"  Waldmäntel"
"42.01.01";"Waldmantel nasser bis feuchter Standorte";"    Waldmantel nasser bis feuchter Standorte"
"42.01.02";"Waldmantel frischer Standorte";"    Waldmantel frischer Standorte"
"42.01.03";"Waldmantel trocken-warmer Standorte";"    Waldmantel trocken-warmer Standorte"
"42.01.04";"Waldmantel stickstoffreicher, ruderaler Standorte";"    Waldmantel stickstoffreicher, ruderaler Standorte"
"42.02";"Rubus-Gestrüppe und -Vormäntel";"  Rubus-Gestrüppe und -Vormäntel"
"42.02.01";"Brombeergestrüppe";"    Brombeergestrüppe"
"42.02.02";"Kratzbeergestrüpp";"    Kratzbeergestrüpp"
"42.02.03";"Himbeergestrüpp";"    Himbeergestrüpp"
"42.03";"Vorwälder";"  Vorwälder"
"42.03.01";"Vorwald nasser bis feuchter Standorte";"    Vorwald nasser bis feuchter Standorte"
"42.03.02";"Vorwald frischer Standorte";"    Vorwald frischer Standorte"
"42.03.03";"Vorwald trocken-warmer Standorte";"    Vorwald trocken-warmer Standorte"
"42.04";"Hudewald [Komplex]";"  Hudewald [Komplex]"
"42.04.01";"Hudewald mit traditioneller Weidenutzung";"    Hudewald mit traditioneller Weidenutzung"
"42.04.02";"Hudewald, aufgelassen";"    Hudewald, aufgelassen"
"42.05";"Niederwald [Komplex]";"  Niederwald [Komplex]"
"43";"LAUB(MISCH)WÄLDER UND -FORSTE (Laubbaumanteil > 50 %)";"LAUB(MISCH)WÄLDER UND -FORSTE (Laubbaumanteil > 50 %)"
"43.01";"Birken-Moorwälder";"  Birken-Moorwälder"
"43.01.01";"Birken-Moorwald mit intaktem Wasserhaushalt";"    Birken-Moorwald mit intaktem Wasserhaushalt"
"43.01.02";"degradierter Birken-Moorwald";"    degradierter Birken-Moorwald"
"43.02";"Bruchwälder";"  Bruchwälder"
"43.02.01";"Birken- und Birken-Erlenbruchwälder nährstoffärmerer Standorte";"    Birken- und Birken-Erlenbruchwälder nährstoffärmerer Standorte"
"43.02.02";"Erlenbruchwälder nährstoffreicherer Standorte";"    Erlenbruchwälder nährstoffreicherer Standorte"
"43.03";"Sumpfwälder (auf mineralogenen Böden)";"  Sumpfwälder (auf mineralogenen Böden)"
"43.03.01";"intakter Sumpfwald";"    intakter Sumpfwald"
"43.03.02";"degradierter Sumpfwald";"    degradierter Sumpfwald"
"43.04";"Auenwälder";"  Auenwälder"
"43.04.01";"Fließgewässerbegleitende Erlen- und Eschenwälder";"    Fließgewässerbegleitende Erlen- und Eschenwälder"
"43.04.02";"Weichholzauenwälder";"    Weichholzauenwälder"
"43.04.03";"Hartholzauenwälder";"    Hartholzauenwälder"
"43.05";"Tideauenwälder";"  Tideauenwälder"
"43.05.01";"Weichholz-Tideauenwald";"    Weichholz-Tideauenwald"
"43.05.02";"Hartholz-Tideauenwald";"    Hartholz-Tideauenwald"
"43.06";"Schlucht-, Blockhalden- und Hangschuttwälder";"  Schlucht-, Blockhalden- und Hangschuttwälder"
"43.06.01";"Eschen-Ahorn-Schluchtwald bzw. -Hangwald (feucht-kühle Standorte)";"    Eschen-Ahorn-Schluchtwald bzw. -Hangwald (feucht-kühle Standorte)"
"43.06.02";"Linden-Hangschuttwald";"    Linden-Hangschuttwald"
"43.06.03";"Ulmen- und Ulmen-Hainbuchen-Hangwald (trockener bis frischer Standorte)";"    Ulmen- und Ulmen-Hainbuchen-Hangwald (trockener bis frischer Standorte)"
"43.06.04";"Birken-Blockwald mit unterschiedlicher Bodenfeuchte";"    Birken-Blockwald mit unterschiedlicher Bodenfeuchte"
"43.07";"Laub- und Mischwälder feuchter bis frischer Standorte";"  Laub- und Mischwälder feuchter bis frischer Standorte"
"43.07.01";"Eschen- und Eschen-Bergahornwald feuchter Standorte";"    Eschen- und Eschen-Bergahornwald feuchter Standorte"
"43.07.02";"Eichen-Hainbuchenwald staunasser bis frischer Standorte";"    Eichen-Hainbuchenwald staunasser bis frischer Standorte"
"43.07.03";"Birken-Eichenwald feuchter bis frischer Standorte";"    Birken-Eichenwald feuchter bis frischer Standorte"
"43.07.04";"Buchen(misch)wälder frischer, basenarmer Standorte";"    Buchen(misch)wälder frischer, basenarmer Standorte"
"43.07.05";"Buchen(misch)wälder frischer, basenreicher Standorte";"    Buchen(misch)wälder frischer, basenreicher Standorte"
"43.07.06";"montane Buchen-Tannen-/Fichtenwälder (Buchenanteil > 50 %)";"    montane Buchen-Tannen-/Fichtenwälder (Buchenanteil > 50 %)"
"43.08";"Laub(misch)wälder trockener bzw. trocken-warmer Standorte";"  Laub(misch)wälder trockener bzw. trocken-warmer Standorte"
"43.08.01";"trockene Eichen-Hainbuchenwälder";"    trockene Eichen-Hainbuchenwälder"
"43.08.02";"Seggen-Buchenwald (Orchideen-Buchenwald)";"    Seggen-Buchenwald (Orchideen-Buchenwald)"
"43.08.03";"Blaugras-Buchenwald";"    Blaugras-Buchenwald"
"43.08.04";"Buchenbuschwald (auf Ostseedünen)";"    Buchenbuschwald (auf Ostseedünen)"
"43.08.05";"Eichen-Trockenwälder";"    Eichen-Trockenwälder"
"43.09";"Laub(misch)holzforste einheimischer Baumarten";"  Laub(misch)holzforste einheimischer Baumarten"
"43.09.01";"Laub(misch)holzforst feuchter Standorte mit einheimischen Baumarten";"    Laub(misch)holzforst feuchter Standorte mit einheimischen Baumarten"
"43.09.02";"Laub(misch)holzforst frischer Standorte mit einheimischen Baumarten";"    Laub(misch)holzforst frischer Standorte mit einheimischen Baumarten"
"43.09.03";"Laub(misch)holzforst trocken-warmer Standorte mit einheimischen Baumarten";"    Laub(misch)holzforst trocken-warmer Standorte mit einheimischen Baumarten"
"43.10";"Laub(misch)holzforste eingeführter Baumarten (inkl. subspontane Ansiedlungen)";"  Laub(misch)holzforste eingeführter Baumarten (inkl. subspontane Ansiedlungen)"
"43.10.01";"Laub(misch)holzforst feuchter Standorte mit eingeführten Baumarten";"    Laub(misch)holzforst feuchter Standorte mit eingeführten Baumarten"
"43.10.02";"Laub(misch)holzforst frischer Standorte mit eingeführten Baumarten";"    Laub(misch)holzforst frischer Standorte mit eingeführten Baumarten"
"43.10.03";"Laub(misch)holzforst trocken-warmer Standorte mit eingeführten Baumarten";"    Laub(misch)holzforst trocken-warmer Standorte mit eingeführten Baumarten"
"44";"NADEL(MISCH)WÄLDER UND -FORSTE";"NADEL(MISCH)WÄLDER UND -FORSTE"
"44.01";"Moorwälder (Nadelwälder)";"  Moorwälder (Nadelwälder)"
"44.01.01";"Fichten-Moorwälder";"    Fichten-Moorwälder"
"44.01.02";"Waldkiefern-Moorwälder";"    Waldkiefern-Moorwälder"
"44.01.03";"Spirken-Moorwälder";"    Spirken-Moorwälder"
"44.01.04";"Latschen-Moorwälder";"    Latschen-Moorwälder"
"44.02";"natürliche bzw. naturnahe, trockene bis wechselfeuchte Kiefernwälder";"  natürliche bzw. naturnahe, trockene bis wechselfeuchte Kiefernwälder"
"44.02.01";"trockene Fels-Kiefernwälder";"    trockene Fels-Kiefernwälder"
"44.02.02";"Kalk-Kiefernwald auf Schotterflächen und Schwemmkegeln";"    Kalk-Kiefernwald auf Schotterflächen und Schwemmkegeln"
"44.02.03";"trockene Sand-Kiefernwälder";"    trockene Sand-Kiefernwälder"
"44.02.04";"sonstiger (wechsel)feuchter Kiefern- bzw. Birken-/Kiefernwald (z.B. auf Mergel)";"    sonstiger (wechsel)feuchter Kiefern- bzw. Birken-/Kiefernwald (z.B. auf Mergel)"
"44.03";"Fichten-/Tannen(misch)wälder und Fichten(misch)wälder";"  Fichten-/Tannen(misch)wälder und Fichten(misch)wälder"
"44.03.01";"montaner Fichten-Blockschuttwald";"    montaner Fichten-Blockschuttwald"
"44.03.02";"montane bis hochmontane Fichtenwälder";"    montane bis hochmontane Fichtenwälder"
"44.03.03";"montane Tannen-Fichtenwälder";"    montane Tannen-Fichtenwälder"
"44.03.04";"montane Tannen-/Fichten-Buchenwälder (Nadelbaumanteil > 50 %)";"    montane Tannen-/Fichten-Buchenwälder (Nadelbaumanteil > 50 %)"
"44.03.05";"montane Tannenwälder";"    montane Tannenwälder"
"44.03.06";"autochthone Fichten-Tannenwälder der planaren und collinen Stufe";"    autochthone Fichten-Tannenwälder der planaren und collinen Stufe"
"44.04";"Nadel(misch)forste heimischer Baumarten";"  Nadel(misch)forste heimischer Baumarten"
"44.04.01";"Fichtenforste";"    Fichtenforste"
"44.04.02";"Tannen-Fichtenforste";"    Tannen-Fichtenforste"
"44.04.03";"Kiefernforste";"    Kiefernforste"
"44.04.04";"Lärchenforst";"    Lärchenforst"
"44.05";"Nadel(misch)forste eingeführter Baumarten (inkl. subspontane Ansiedlungen)";"  Nadel(misch)forste eingeführter Baumarten (inkl. subspontane Ansiedlungen)"
"44.05.01";"Nadel(misch)forst feuchter Standorte mit eingeführten Baumarten";"    Nadel(misch)forst feuchter Standorte mit eingeführten Baumarten"
"44.05.02";"Nadel(misch)forst frischer Standorte mit eingeführten Baumarten";"    Nadel(misch)forst frischer Standorte mit eingeführten Baumarten"
"44.05.03";"Nadel(misch)forst trocken-warmer Standorte mit eingeführten Baumarten";"    Nadel(misch)forst trocken-warmer Standorte mit eingeführten Baumarten"
"51";"KLEINE, UNBEFESTIGTE FREIFLÄCHEN DES BESIEDELTEN BEREICHES";"KLEINE, UNBEFESTIGTE FREIFLÄCHEN DES BESIEDELTEN BEREICHES"
"51.01";"kleine, vegetationsfreie Freifläche";"  kleine, vegetationsfreie Freifläche"
"51.02";"kleine Freiflächen mit Spontanvegetation";"  kleine Freiflächen mit Spontanvegetation"
"51.02.01";"kleine Freifläche mit dörflicher Ruderalvegetation";"    kleine Freifläche mit dörflicher Ruderalvegetation"
"51.02.02";"sonstige kleine Freifläche mit sonstiger Ruderalvegetation";"    sonstige kleine Freifläche mit sonstiger Ruderalvegetation"
"51.03";"Anpflanzungen und Rabatten";"  Anpflanzungen und Rabatten"
"51.03.01";"Anpflanzung von einjährigen Arten";"    Anpflanzung von einjährigen Arten"
"51.03.02";"Anpflanzung von sommergrünen Stauden";"    Anpflanzung von sommergrünen Stauden"
"51.03.03";"Anpflanzung von immergrünen Bodendeckern";"    Anpflanzung von immergrünen Bodendeckern"
"51.03.04";"Anpflanzung von Zwerg- und Kleinsträuchern";"    Anpflanzung von Zwerg- und Kleinsträuchern"
"51.03.05";"mobiles Grün (z.B. Pflanzkübel)";"    mobiles Grün (z.B. Pflanzkübel)"
"52";"VERKEHRSANLAGEN UND PLÄTZE";"VERKEHRSANLAGEN UND PLÄTZE"
"52.01";"Straßen";"  Straßen"
"52.01.01";"versiegelte, zwei- bis mehrspurige Straße, Autobahn, Rollfeld";"    versiegelte, zwei- bis mehrspurige Straße, Autobahn, Rollfeld"
"52.01.02";"versiegelte, einspurige Straße (auch gepflasterte Straße)";"    versiegelte, einspurige Straße (auch gepflasterte Straße)"
"52.01.03";"teilbefestigte, einspurige Straße (z.B. mit Spurplatten)";"    teilbefestigte, einspurige Straße (z.B. mit Spurplatten)"
"52.01.04";"geschotterte, einspurige Straße";"    geschotterte, einspurige Straße"
"52.01.05";"Straße mit wassergebundener Decke";"    Straße mit wassergebundener Decke"
"52.01.06";"unbefestigte Straße";"    unbefestigte Straße"
"52.02";"Rad- und Fußwege bzw. Pfade";"  Rad- und Fußwege bzw. Pfade"
"52.02.01";"versiegelter Weg";"    versiegelter Weg"
"52.02.02";"gepflasterter Weg (Pflasterung ohne Fugenversiegelung)";"    gepflasterter Weg (Pflasterung ohne Fugenversiegelung)"
"52.02.03";"teilbefestigter Weg (z.B. Rasengitter, Spurplatten)";"    teilbefestigter Weg (z.B. Rasengitter, Spurplatten)"
"52.02.04";"geschotterter Weg";"    geschotterter Weg"
"52.02.05";"Weg mit wassergebundener Decke";"    Weg mit wassergebundener Decke"
"52.02.06";"unbefestigter Weg";"    unbefestigter Weg"
"52.02.07";"Hohlweg [Komplex]";"    Hohlweg [Komplex]"
"52.03";"Plätze, befestigte Freiflächen";"  Plätze, befestigte Freiflächen"
"52.03.01";"versiegelter Platz";"    versiegelter Platz"
"52.03.02";"teilbefestigter Platz (z.B. Rasengitter)";"    teilbefestigter Platz (z.B. Rasengitter)"
"52.03.03";"Platz mit geschottertem Belag";"    Platz mit geschottertem Belag"
"52.03.04";"Platz mit wassergebundener Decke (z.B. Aschensportplatz)";"    Platz mit wassergebundener Decke (z.B. Aschensportplatz)"
"52.04";"übrige Verkehrsanlagen";"  übrige Verkehrsanlagen"
"52.04.01";"Gleiskörper";"    Gleiskörper"
"52.04.02";"Hafenanlage, Kai";"    Hafenanlage, Kai"
"52.04.03";"sonstige Verkehrsanlagen";"    sonstige Verkehrsanlagen"
"53";"BAUWERKE";"BAUWERKE"
"53.01";"Gebäude";"  Gebäude"
"53.01.01";"Burg-/Schlossgebäude";"    Burg-/Schlossgebäude"
"53.01.02";"Kirchen und Kapellen";"    Kirchen und Kapellen"
"53.01.03";"Einzel-/Reihenhäuser, ein- bis zweistöckig";"    Einzel-/Reihenhäuser, ein- bis zweistöckig"
"53.01.04";"drei- bis sechsgeschossige Häuser";"    drei- bis sechsgeschossige Häuser"
"53.01.05";"Hochhäuser (mehr als sechsgeschossig)";"    Hochhäuser (mehr als sechsgeschossig)"
"53.01.06";"ausgedehnte Flächenbauten";"    ausgedehnte Flächenbauten"
"53.01.07";"Stallungen";"    Stallungen"
"53.01.08";"Scheunen und Speichergebäude";"    Scheunen und Speichergebäude"
"53.01.09";"Gewächshaus";"    Gewächshaus"
"53.01.10";"Bootshaus (im Wasser stehend)";"    Bootshaus (im Wasser stehend)"
"53.01.11";"Kleingebäude, Schuppen";"    Kleingebäude, Schuppen"
"53.01.12";"Fabrikgebäude";"    Fabrikgebäude"
"53.01.13";"Lager und Depotgebäude";"    Lager und Depotgebäude"
"53.01.14";"Industrieanlagen";"    Industrieanlagen"
"53.02";"Mauern";"  Mauern"
"53.02.01";"Ziegelsteinmauern";"    Ziegelsteinmauern"
"53.02.02";"Betonmauer";"    Betonmauer"
"54";"DEPONIEN UND RIESELFELDER";"DEPONIEN UND RIESELFELDER"
"54.01";"Feststoffdeponien";"  Feststoffdeponien"
"54.01.01";"Kompostierfläche";"    Kompostierfläche"
"54.01.02";"Hausmülldeponie";"    Hausmülldeponie"
"54.01.03";"Bauschuttdeponie";"    Bauschuttdeponie"
"54.01.04";"Sonder- und Industriemülldeponie";"    Sonder- und Industriemülldeponie"
"54.02";"Deponien flüssiger Stoffe";"  Deponien flüssiger Stoffe"
"54.02.01";"Gülledeponie";"    Gülledeponie"
"54.02.02";"Asche-Spül-Deponie";"    Asche-Spül-Deponie"
"54.02.03";"Schlammdeponie";"    Schlammdeponie"
"54.03";"Rieselfelder";"  Rieselfelder"
"54.04";"Kanalisation";"  Kanalisation"
"60";"GEWÄSSER DER SUBALPINEN BIS ALPINEN STUFE";"GEWÄSSER DER SUBALPINEN BIS ALPINEN STUFE"
"60.01";"Quellen der subalpinen bis alpinen Stufe";"  Quellen der subalpinen bis alpinen Stufe"
"60.01.01";"Sicker- und Sumpfquelle der subalpinen bis alpinen Stufe (Helokrene)";"    Sicker- und Sumpfquelle der subalpinen bis alpinen Stufe (Helokrene)"
"60.01.02";"Grundquelle der subalpinen bis alpinen Stufe (Limnokrene)";"    Grundquelle der subalpinen bis alpinen Stufe (Limnokrene)"
"60.01.03";"Sturzquelle der subalpinen bis alpinen Stufe (Rheokrene)";"    Sturzquelle der subalpinen bis alpinen Stufe (Rheokrene)"
"60.02";"Fließgewässer der subalpinen bis alpinen Stufe";"  Fließgewässer der subalpinen bis alpinen Stufe"
"60.02.01";"Gletscherbach";"    Gletscherbach"
"60.02.02";"Fließgewässeroberlauf (Rhitral) der subalpinen bis alpinen Stufe";"    Fließgewässeroberlauf (Rhitral) der subalpinen bis alpinen Stufe"
"60.03";"Stillgewässer der subalpinen bis alpinen Stufe";"  Stillgewässer der subalpinen bis alpinen Stufe"
"60.03.01";"See der subalpinen bis alpinen Stufe";"    See der subalpinen bis alpinen Stufe"
"60.03.02";"Weiher der subalpinen bis alpinen Stufe";"    Weiher der subalpinen bis alpinen Stufe"
"60.03.03";"Tümpel der subalpinen bis alpinen Stufe";"    Tümpel der subalpinen bis alpinen Stufe"
"61";"FIRN, PERMANENTE SCHNEEFELDER UND GLETSCHER";"FIRN, PERMANENTE SCHNEEFELDER UND GLETSCHER"
"61.01";"Firn und permanentes Schneefeld";"  Firn und permanentes Schneefeld"
"61.02";"Gletscher";"  Gletscher"
"62";"FELSEN DER SUBALPINEN BIS NIVALEN STUFE";"FELSEN DER SUBALPINEN BIS NIVALEN STUFE"
"62.01";"Felswände der subalpinen bis nivalen Stufe";"  Felswände der subalpinen bis nivalen Stufe"
"62.01.01";"Felswand der subalpinen bis nivalen Stufe aus Karbonatgestein";"    Felswand der subalpinen bis nivalen Stufe aus Karbonatgestein"
"62.01.02";"Felswand der subalpinen bis nivalen Stufe aus silikatisch verwitterndem Gestein";"    Felswand der subalpinen bis nivalen Stufe aus silikatisch verwitterndem Gestein"
"62.02";"Felsblöcke der subalpinen bis nivalen Stufe";"  Felsblöcke der subalpinen bis nivalen Stufe"
"62.02.01";"Felsblöcke der subalpinen bis nivalen Stufe aus Karbonatgestein";"    Felsblöcke der subalpinen bis nivalen Stufe aus Karbonatgestein"
"62.02.02";"Felsblöcke der subalpinen bis nivalen Stufe aus silikatisch verwitterndem Gestein";"    Felsblöcke der subalpinen bis nivalen Stufe aus silikatisch verwitterndem Gestein"
"63";"STEINSCHUTTHALDEN UND SCHOTTERFLÄCHEN DER SUBALPINEN BIS ALPINEN STUFE";"STEINSCHUTTHALDEN UND SCHOTTERFLÄCHEN DER SUBALPINEN BIS ALPINEN STUFE"
"63.01";"Schotterfläche an Gewässern der subalpinen bis alpinen Stufe";"  Schotterfläche an Gewässern der subalpinen bis alpinen Stufe"
"63.02";"Kalkschutthalde der subalpinen bis alpinen Stufe";"  Kalkschutthalde der subalpinen bis alpinen Stufe"
"63.03";"Mergelschutthalde der subalpinen bis alpinen Stufe";"  Mergelschutthalde der subalpinen bis alpinen Stufe"
"63.04";"Silikatschutthalde der subalpinen bis alpinen Stufe";"  Silikatschutthalde der subalpinen bis alpinen Stufe"
"64";"SCHNEEBÖDEN, SCHNEETÄLCHEN";"SCHNEEBÖDEN, SCHNEETÄLCHEN"
"64.01";"Kalkschneeboden";"  Kalkschneeboden"
"64.02";"Schwemmboden der subalpinen bis alpinen Stufe";"  Schwemmboden der subalpinen bis alpinen Stufe"
"64.03";"Silikatschneeboden";"  Silikatschneeboden"
"65";"MOORE DER SUBALPINEN BIS ALPINEN STUFE";"MOORE DER SUBALPINEN BIS ALPINEN STUFE"
"65.01";"Hoch- und Übergangsmoor der subalpinen bis alpinen Stufe";"  Hoch- und Übergangsmoor der subalpinen bis alpinen Stufe"
"65.02";"Flachmoor der subalpinen bis alpinen Stufe";"  Flachmoor der subalpinen bis alpinen Stufe"
"66";"GEBIRGSRASEN (SUBALPINE BIS ALPINE STUFE)";"GEBIRGSRASEN (SUBALPINE BIS ALPINE STUFE)"
"66.01";"Nacktriedrasen";"  Nacktriedrasen"
"66.02";"Polsterseggenrasen";"  Polsterseggenrasen"
"66.03";"Borstgrasrasen der subalpinen bis alpinen Stufe";"  Borstgrasrasen der subalpinen bis alpinen Stufe"
"66.04";"Blaugrashalde bzw. -rasen";"  Blaugrashalde bzw. -rasen"
"66.05";"Rostseggenrasen";"  Rostseggenrasen"
"66.06";"Alpenfettweide";"  Alpenfettweide"
"66.07";"Goldhaferwiese der Kalkalpen";"  Goldhaferwiese der Kalkalpen"
"66.08";"subalpiner Trittrasen";"  subalpiner Trittrasen"
"66.09";"Krummseggenrasen";"  Krummseggenrasen"
"67";"STAUDEN- UND LÄGERFLUREN DER HOCHMONTANEN BIS ALPINEN STUFE";"STAUDEN- UND LÄGERFLUREN DER HOCHMONTANEN BIS ALPINEN STUFE"
"67.01";"Hochstauden- und Hochgrasflur der hochmontanen bis alpinen Stufe";"  Hochstauden- und Hochgrasflur der hochmontanen bis alpinen Stufe"
"67.02";"Lägerfluren der subalpinen bis alpinen Stufe";"  Lägerfluren der subalpinen bis alpinen Stufe"
"67.02.01";"Alpenampfer-Lägerflur";"    Alpenampfer-Lägerflur"
"67.02.02";"Alpenkratzdistel-Lägerflur";"    Alpenkratzdistel-Lägerflur"
"67.02.03";"Alpengreiskraut-Lägerflur";"    Alpengreiskraut-Lägerflur"
"68";"ZWERGSTRAUCHHEIDEN DER SUBALPINEN BIS ALPINEN STUFE";"ZWERGSTRAUCHHEIDEN DER SUBALPINEN BIS ALPINEN STUFE"
"68.01";"alpine Windheide (z.B. mit Gamsheide)";"  alpine Windheide (z.B. mit Gamsheide)"
"68.02";"Krähenbeer-Rauschbeerheide und Zwergwacholdergebüsche";"  Krähenbeer-Rauschbeerheide und Zwergwacholdergebüsche"
"69";"GEBÜSCHE DER HOCHMONTANEN BIS SUBALPINEN STUFE";"GEBÜSCHE DER HOCHMONTANEN BIS SUBALPINEN STUFE"
"69.01";"Auenweidengebüsche der hochmontanen bis subalpinen Stufe";"  Auenweidengebüsche der hochmontanen bis subalpinen Stufe"
"69.01.01";"Auenweidengebüsch der hochmontanen bis subalpinen Stufe mit Myricaria germanica";"    Auenweidengebüsch der hochmontanen bis subalpinen Stufe mit Myricaria germanica"
"69.01.02";"Auengebüsch der hochmontanen bis subalpinen Stufe mit Salix eleagnos";"    Auengebüsch der hochmontanen bis subalpinen Stufe mit Salix eleagnos"
"69.02";"Grünerlengebüsch";"  Grünerlengebüsch"
"69.03";"Schluchtweidengebüsch";"  Schluchtweidengebüsch"
"69.04";"Latschengebüsch";"  Latschengebüsch"
"69.05";"Alpenrosengebüsch";"  Alpenrosengebüsch"
"69.06";"Fichten-Ebereschengebüsch";"  Fichten-Ebereschengebüsch"
"69.07";"Knieweidengebüsch";"  Knieweidengebüsch"
"70";"SUBALPINE WÄLDER";"SUBALPINE WÄLDER"
"70.01";"subalpiner (hochmontaner) Bergahorn-Buchenwald";"  subalpiner (hochmontaner) Bergahorn-Buchenwald"
"70.02";"subalpiner Fichtenwald";"  subalpiner Fichtenwald"
"70.03";"subalpiner Lärchen-Arvenwald";"  subalpiner Lärchen-Arvenwald"
"70.04";"subalpiner Lärchenwal";"  subalpiner Lärchenwal"
